<?xml version="1.0" encoding="iso-8859-1"?>
<deltaresHydro xmlns="http://schemas.deltares.nl/deltaresHydro" xmlns:xsi="http://www.w3.org/2001/XMLSchema-instance" xsi:schemaLocation="http://schemas.deltares.nl/deltaresHydro http://content.oss.deltares.nl/schemas/d_hydro-1.00.xsd">
    <control>
        <sequence>
            <start>temp</start>
        </sequence>
    </control>
    <flow2D3D name="temp">
        <library>flow2d3d</library>
        <mdfFile>temp.mdf</mdfFile>
    </flow2D3D>
</deltaresHydro>